<?xml version="1.0"?>
<queXF>
  <questionnaire>
    <id>793979</id>
    <section id="1">
      <label>Pers&#xF6;nliche Angaben</label>
      <title>Teil A</title>
    </section>
    <section id="2">
      <label>Fragen zu erweiterter Realit&#xE4;t (AR)</label>
      <title>Teil B</title>
    </section>
    <section id="3">
      <label>Pers&#xF6;nliche Einsch&#xE4;tzung</label>
      <title>Teil C</title>
    </section>
    <section id="4">
      <label>Fragen zu k&#xFC;nstlicher Intelligenz (KI)</label>
      <title>Teil D</title>
    </section>
    <section id="5">
      <label>Fragen zum Spiel</label>
      <title>Teil E</title>
    </section>
    <section id="6">
      <label>Spiel spielen</label>
      <title>Teil F</title>
    </section>
    <section id="7">
      <label>Pers&#xF6;nliche Einsch&#xE4;tzung</label>
      <title>Teil G</title>
    </section>
    <page>
      <id>79397901</id>
      <tlx>283</tlx>
      <tly>283</tly>
      <trx>2197</trx>
      <try>283</try>
      <brx>2197</brx>
      <bry>3224</bry>
      <blx>283</blx>
      <bly>3224</bly>
      <rotation>0</rotation>
      <boxgroup>
        <type>1</type>
        <width>5</width>
        <varname>Geschlecht</varname>
        <sortorder>1</sortorder>
        <label>Geschlecht: : </label>
        <groupsection idref="1"/>
        <box>
          <tlx>1967</tlx>
          <tly>739</tly>
          <brx>2026</brx>
          <bry>798</bry>
          <value>AO01</value>
          <label>Weiblich</label>
        </box>
        <box>
          <tlx>1967</tlx>
          <tly>846</tly>
          <brx>2026</brx>
          <bry>905</bry>
          <value>AO02</value>
          <label>M&#xE4;nnlich</label>
        </box>
        <box>
          <tlx>1967</tlx>
          <tly>952</tly>
          <brx>2026</brx>
          <bry>1011</bry>
          <value>AO04</value>
          <label>nicht-bin&#xE4;r</label>
        </box>
        <box>
          <tlx>1967</tlx>
          <tly>1058</tly>
          <brx>2026</brx>
          <bry>1117</bry>
          <value>AO05</value>
          <label>keine Angabe</label>
        </box>
        <box>
          <tlx>1967</tlx>
          <tly>1141</tly>
          <brx>2026</brx>
          <bry>1200</bry>
          <value>-oth-</value>
          <label> selbst beschreiben: </label>
        </box>
      </boxgroup>
      <boxgroup>
        <type>6</type>
        <width>1024</width>
        <varname>Geschlechtother</varname>
        <sortorder>2</sortorder>
        <label> selbst beschreiben: </label>
        <groupsection idref="1"/>
        <box>
          <tlx>337</tlx>
          <tly>1345</tly>
          <brx>2073</brx>
          <bry>1629</bry>
          <value></value>
          <label></label>
        </box>
      </boxgroup>
      <boxgroup>
        <type>4</type>
        <width>10</width>
        <varname>Alter</varname>
        <sortorder>3</sortorder>
        <label>&lt;p&gt;Alter:&lt;/p&gt;</label>
        <groupsection idref="1"/>
        <box>
          <tlx>1370</tlx>
          <tly>1727</tly>
          <brx>1441</brx>
          <bry>1821</bry>
          <value></value>
          <label></label>
        </box>
        <box>
          <tlx>1443</tlx>
          <tly>1727</tly>
          <brx>1514</brx>
          <bry>1821</bry>
          <value></value>
          <label></label>
        </box>
        <box>
          <tlx>1515</tlx>
          <tly>1727</tly>
          <brx>1586</brx>
          <bry>1821</bry>
          <value></value>
          <label></label>
        </box>
        <box>
          <tlx>1588</tlx>
          <tly>1727</tly>
          <brx>1659</brx>
          <bry>1821</bry>
          <value></value>
          <label></label>
        </box>
        <box>
          <tlx>1661</tlx>
          <tly>1727</tly>
          <brx>1731</brx>
          <bry>1821</bry>
          <value></value>
          <label></label>
        </box>
        <box>
          <tlx>1733</tlx>
          <tly>1727</tly>
          <brx>1804</brx>
          <bry>1821</bry>
          <value></value>
          <label></label>
        </box>
        <box>
          <tlx>1806</tlx>
          <tly>1727</tly>
          <brx>1877</brx>
          <bry>1821</bry>
          <value></value>
          <label></label>
        </box>
        <box>
          <tlx>1879</tlx>
          <tly>1727</tly>
          <brx>1949</brx>
          <bry>1821</bry>
          <value></value>
          <label></label>
        </box>
        <box>
          <tlx>1951</tlx>
          <tly>1727</tly>
          <brx>2022</brx>
          <bry>1821</bry>
          <value></value>
          <label></label>
        </box>
        <box>
          <tlx>2024</tlx>
          <tly>1727</tly>
          <brx>2095</brx>
          <bry>1821</bry>
          <value></value>
          <label></label>
        </box>
      </boxgroup>
      <boxgroup>
        <type>1</type>
        <width>4</width>
        <varname>DefinitionAR</varname>
        <sortorder>4</sortorder>
        <label>Wie w&#xFC;rden Sie erweiterte Realit&#xE4;t (AR) definieren? : </label>
        <groupsection idref="2"/>
        <box>
          <tlx>1967</tlx>
          <tly>2155</tly>
          <brx>2026</brx>
          <bry>2214</bry>
          <value>AO01</value>
          <label>AR bezieht sich auf eine virtuelle Welt, die v&#xF6;llig von der realen Welt getrennt ist</label>
        </box>
        <box>
          <tlx>1967</tlx>
          <tly>2262</tly>
          <brx>2026</brx>
          <bry>2321</bry>
          <value>AO02</value>
          <label>AR bezieht sich auf die Integration von virtuellen Elementen in die reale Welt</label>
        </box>
        <box>
          <tlx>1967</tlx>
          <tly>2368</tly>
          <brx>2026</brx>
          <bry>2427</bry>
          <value>AO03</value>
          <label>AR bezieht sich auf erweiterte visuelle Effekte in Filmen</label>
        </box>
        <box>
          <tlx>1967</tlx>
          <tly>2474</tly>
          <brx>2026</brx>
          <bry>2533</bry>
          <value>AO04</value>
          <label>AR bezieht sich auf die F&#xE4;higkeit von Menschen, ihre Umgebung ohne technologische Hilfe zu erweitern</label>
        </box>
        <box>
          <tlx>1967</tlx>
          <tly>2580</tly>
          <brx>2026</brx>
          <bry>2640</bry>
          <value>AO05</value>
          <label>Keine der Definitionen trifft f&#xFC;r mich zu</label>
        </box>
      </boxgroup>
      <boxgroup>
        <type>1</type>
        <width>4</width>
        <varname>VorkenntnisseAR</varname>
        <sortorder>5</sortorder>
        <label>Wie oft haben Sie bereits erweiterte Realit&#xE4;t (AR), virtuelle Realit&#xE4;t (VR) oder vermischte Realit&#xE4;t (MR) benutzt? : </label>
        <groupsection idref="2"/>
        <box>
          <tlx>1967</tlx>
          <tly>2824</tly>
          <brx>2026</brx>
          <bry>2883</bry>
          <value>AO01</value>
          <label>Nie benutzt</label>
        </box>
        <box>
          <tlx>1967</tlx>
          <tly>2930</tly>
          <brx>2026</brx>
          <bry>2989</bry>
          <value>AO02</value>
          <label>1-2 mal benutzt</label>
        </box>
        <box>
          <tlx>1967</tlx>
          <tly>3036</tly>
          <brx>2026</brx>
          <bry>3095</bry>
          <value>AO03</value>
          <label>3-5 mal benutzt</label>
        </box>
        <box>
          <tlx>1967</tlx>
          <tly>3142</tly>
          <brx>2026</brx>
          <bry>3202</bry>
          <value>AO04</value>
          <label>6+ mal benutzt</label>
        </box>
      </boxgroup>
    </page>
    <page>
      <id>79397902</id>
      <tlx>283</tlx>
      <tly>283</tly>
      <trx>2197</trx>
      <try>283</try>
      <brx>2197</brx>
      <bry>3224</bry>
      <blx>283</blx>
      <bly>3224</bly>
      <rotation>0</rotation>
      <boxgroup>
        <type>1</type>
        <width>1</width>
        <varname>G04Q19_FFF</varname>
        <sortorder>6</sortorder>
        <label>Wie sehr stimmen Sie folgenden Aussagen zu? : Produkte, die k&#xFC;nstliche Intelligenz verwenden, sind benutzerfreundlicher</label>
        <groupsection idref="3"/>
        <box>
          <tlx>1352</tlx>
          <tly>597</tly>
          <brx>1411</brx>
          <bry>656</bry>
          <value>A</value>
          <label>stimme stark zu</label>
        </box>
        <box>
          <tlx>1506</tlx>
          <tly>597</tly>
          <brx>1565</brx>
          <bry>656</bry>
          <value>B</value>
          <label>stimme zu</label>
        </box>
        <box>
          <tlx>1659</tlx>
          <tly>597</tly>
          <brx>1719</brx>
          <bry>656</bry>
          <value>C</value>
          <label>neutral</label>
        </box>
        <box>
          <tlx>1813</tlx>
          <tly>597</tly>
          <brx>1872</brx>
          <bry>656</bry>
          <value>D</value>
          <label>stimme nicht zu</label>
        </box>
        <box>
          <tlx>1967</tlx>
          <tly>597</tly>
          <brx>2026</brx>
          <bry>656</bry>
          <value>E</value>
          <label>stimme gar nicht zu</label>
        </box>
      </boxgroup>
      <boxgroup>
        <type>1</type>
        <width>1</width>
        <varname>G04Q19_FFF2</varname>
        <sortorder>7</sortorder>
        <label>Wie sehr stimmen Sie folgenden Aussagen zu? : Ich glaube, dass ich in den KI unterst&#xFC;tzten Runden besser abschneiden werde, als in den normalen Runden</label>
        <groupsection idref="3"/>
        <box>
          <tlx>1352</tlx>
          <tly>721</tly>
          <brx>1411</brx>
          <bry>780</bry>
          <value>A</value>
          <label>stimme stark zu</label>
        </box>
        <box>
          <tlx>1506</tlx>
          <tly>721</tly>
          <brx>1565</brx>
          <bry>780</bry>
          <value>B</value>
          <label>stimme zu</label>
        </box>
        <box>
          <tlx>1659</tlx>
          <tly>721</tly>
          <brx>1719</brx>
          <bry>780</bry>
          <value>C</value>
          <label>neutral</label>
        </box>
        <box>
          <tlx>1813</tlx>
          <tly>721</tly>
          <brx>1872</brx>
          <bry>780</bry>
          <value>D</value>
          <label>stimme nicht zu</label>
        </box>
        <box>
          <tlx>1967</tlx>
          <tly>721</tly>
          <brx>2026</brx>
          <bry>780</bry>
          <value>E</value>
          <label>stimme gar nicht zu</label>
        </box>
      </boxgroup>
      <boxgroup>
        <type>1</type>
        <width>1</width>
        <varname>G04Q19_FFF3</varname>
        <sortorder>8</sortorder>
        <label>Wie sehr stimmen Sie folgenden Aussagen zu? : In einem Spieler versus Spieler (PvP) Spiel, hat ein Spieler mit KI Unterst&#xFC;tzung einen Vorteil</label>
        <groupsection idref="3"/>
        <box>
          <tlx>1352</tlx>
          <tly>845</tly>
          <brx>1411</brx>
          <bry>904</bry>
          <value>A</value>
          <label>stimme stark zu</label>
        </box>
        <box>
          <tlx>1506</tlx>
          <tly>845</tly>
          <brx>1565</brx>
          <bry>904</bry>
          <value>B</value>
          <label>stimme zu</label>
        </box>
        <box>
          <tlx>1659</tlx>
          <tly>845</tly>
          <brx>1719</brx>
          <bry>904</bry>
          <value>C</value>
          <label>neutral</label>
        </box>
        <box>
          <tlx>1813</tlx>
          <tly>845</tly>
          <brx>1872</brx>
          <bry>904</bry>
          <value>D</value>
          <label>stimme nicht zu</label>
        </box>
        <box>
          <tlx>1967</tlx>
          <tly>845</tly>
          <brx>2026</brx>
          <bry>904</bry>
          <value>E</value>
          <label>stimme gar nicht zu</label>
        </box>
      </boxgroup>
      <boxgroup>
        <type>1</type>
        <width>4</width>
        <varname>G03Q14_R1</varname>
        <sortorder>9</sortorder>
        <label>Treffen folgende Aussagen bei Ihnen zu? : Ich kann zwischen intelligenten und nicht-intelligenten Ger&#xE4;ten unterscheiden</label>
        <groupsection idref="4"/>
        <box>
          <tlx>1659</tlx>
          <tly>1374</tly>
          <brx>1719</brx>
          <bry>1433</bry>
          <value>AO01</value>
          <label>Zutreffend</label>
        </box>
        <box>
          <tlx>1813</tlx>
          <tly>1374</tly>
          <brx>1872</brx>
          <bry>1433</bry>
          <value>AO02</value>
          <label>Nicht zutreffend</label>
        </box>
        <box>
          <tlx>1967</tlx>
          <tly>1374</tly>
          <brx>2026</brx>
          <bry>1433</bry>
          <value>AO03</value>
          <label>keine Antwort</label>
        </box>
      </boxgroup>
      <boxgroup>
        <type>1</type>
        <width>4</width>
        <varname>G03Q14_R2</varname>
        <sortorder>10</sortorder>
        <label>Treffen folgende Aussagen bei Ihnen zu? : Ich wei&#xDF; nicht, wie mir KI helfen kann</label>
        <groupsection idref="4"/>
        <box>
          <tlx>1659</tlx>
          <tly>1498</tly>
          <brx>1719</brx>
          <bry>1557</bry>
          <value>AO01</value>
          <label>Zutreffend</label>
        </box>
        <box>
          <tlx>1813</tlx>
          <tly>1498</tly>
          <brx>1872</brx>
          <bry>1557</bry>
          <value>AO02</value>
          <label>Nicht zutreffend</label>
        </box>
        <box>
          <tlx>1967</tlx>
          <tly>1498</tly>
          <brx>2026</brx>
          <bry>1557</bry>
          <value>AO03</value>
          <label>keine Antwort</label>
        </box>
      </boxgroup>
      <boxgroup>
        <type>1</type>
        <width>4</width>
        <varname>G03Q14_R3</varname>
        <sortorder>11</sortorder>
        <label>Treffen folgende Aussagen bei Ihnen zu? : Ich kann die verwendeten KI-Systeme in den von mir benutzten Anwendungen identifizieren</label>
        <groupsection idref="4"/>
        <box>
          <tlx>1659</tlx>
          <tly>1622</tly>
          <brx>1719</brx>
          <bry>1681</bry>
          <value>AO01</value>
          <label>Zutreffend</label>
        </box>
        <box>
          <tlx>1813</tlx>
          <tly>1622</tly>
          <brx>1872</brx>
          <bry>1681</bry>
          <value>AO02</value>
          <label>Nicht zutreffend</label>
        </box>
        <box>
          <tlx>1967</tlx>
          <tly>1622</tly>
          <brx>2026</brx>
          <bry>1681</bry>
          <value>AO03</value>
          <label>keine Antwort</label>
        </box>
      </boxgroup>
      <boxgroup>
        <type>1</type>
        <width>4</width>
        <varname>G03Q14_R4</varname>
        <sortorder>12</sortorder>
        <label>Treffen folgende Aussagen bei Ihnen zu? : Ich kann gekonnt KI Anwendungen in meiner t&#xE4;glichen Arbeit benutzen</label>
        <groupsection idref="4"/>
        <box>
          <tlx>1659</tlx>
          <tly>1746</tly>
          <brx>1719</brx>
          <bry>1805</bry>
          <value>AO01</value>
          <label>Zutreffend</label>
        </box>
        <box>
          <tlx>1813</tlx>
          <tly>1746</tly>
          <brx>1872</brx>
          <bry>1805</bry>
          <value>AO02</value>
          <label>Nicht zutreffend</label>
        </box>
        <box>
          <tlx>1967</tlx>
          <tly>1746</tly>
          <brx>2026</brx>
          <bry>1805</bry>
          <value>AO03</value>
          <label>keine Antwort</label>
        </box>
      </boxgroup>
      <boxgroup>
        <type>1</type>
        <width>4</width>
        <varname>G03Q14_R5</varname>
        <sortorder>13</sortorder>
        <label>Treffen folgende Aussagen bei Ihnen zu? : Normalerweise f&#xE4;llt es mir schwer, neue KI Anwendungen oder Produkte zu benutzen</label>
        <groupsection idref="4"/>
        <box>
          <tlx>1659</tlx>
          <tly>1870</tly>
          <brx>1719</brx>
          <bry>1929</bry>
          <value>AO01</value>
          <label>Zutreffend</label>
        </box>
        <box>
          <tlx>1813</tlx>
          <tly>1870</tly>
          <brx>1872</brx>
          <bry>1929</bry>
          <value>AO02</value>
          <label>Nicht zutreffend</label>
        </box>
        <box>
          <tlx>1967</tlx>
          <tly>1870</tly>
          <brx>2026</brx>
          <bry>1929</bry>
          <value>AO03</value>
          <label>keine Antwort</label>
        </box>
      </boxgroup>
      <boxgroup>
        <type>1</type>
        <width>4</width>
        <varname>G03Q14_R12</varname>
        <sortorder>14</sortorder>
        <label>Treffen folgende Aussagen bei Ihnen zu? : Ich kann KI Anwendungen und Produkte verwenden, um meine Arbeitseffizienz zu steigern</label>
        <groupsection idref="4"/>
        <box>
          <tlx>1659</tlx>
          <tly>1994</tly>
          <brx>1719</brx>
          <bry>2053</bry>
          <value>AO01</value>
          <label>Zutreffend</label>
        </box>
        <box>
          <tlx>1813</tlx>
          <tly>1994</tly>
          <brx>1872</brx>
          <bry>2053</bry>
          <value>AO02</value>
          <label>Nicht zutreffend</label>
        </box>
        <box>
          <tlx>1967</tlx>
          <tly>1994</tly>
          <brx>2026</brx>
          <bry>2053</bry>
          <value>AO03</value>
          <label>keine Antwort</label>
        </box>
      </boxgroup>
      <boxgroup>
        <type>1</type>
        <width>4</width>
        <varname>G03Q14_R6</varname>
        <sortorder>15</sortorder>
        <label>Treffen folgende Aussagen bei Ihnen zu? : Ich kann die F&#xE4;higkeiten und Einschr&#xE4;nkungen einer KI Anwendung beurteilen, wenn ich sie eine Zeit lang benutzt habe</label>
        <groupsection idref="4"/>
        <box>
          <tlx>1659</tlx>
          <tly>2118</tly>
          <brx>1719</brx>
          <bry>2177</bry>
          <value>AO01</value>
          <label>Zutreffend</label>
        </box>
        <box>
          <tlx>1813</tlx>
          <tly>2118</tly>
          <brx>1872</brx>
          <bry>2177</bry>
          <value>AO02</value>
          <label>Nicht zutreffend</label>
        </box>
        <box>
          <tlx>1967</tlx>
          <tly>2118</tly>
          <brx>2026</brx>
          <bry>2177</bry>
          <value>AO03</value>
          <label>keine Antwort</label>
        </box>
      </boxgroup>
      <boxgroup>
        <type>1</type>
        <width>4</width>
        <varname>G03Q14_R7</varname>
        <sortorder>16</sortorder>
        <label>Treffen folgende Aussagen bei Ihnen zu? : Ich kann eine geeignete L&#xF6;sung ausw&#xE4;hlen, wenn mir ein intelligenter Agent (smart agent) eine Reihe von L&#xF6;sungen vorschl&#xE4;gt</label>
        <groupsection idref="4"/>
        <box>
          <tlx>1659</tlx>
          <tly>2242</tly>
          <brx>1719</brx>
          <bry>2301</bry>
          <value>AO01</value>
          <label>Zutreffend</label>
        </box>
        <box>
          <tlx>1813</tlx>
          <tly>2242</tly>
          <brx>1872</brx>
          <bry>2301</bry>
          <value>AO02</value>
          <label>Nicht zutreffend</label>
        </box>
        <box>
          <tlx>1967</tlx>
          <tly>2242</tly>
          <brx>2026</brx>
          <bry>2301</bry>
          <value>AO03</value>
          <label>keine Antwort</label>
        </box>
      </boxgroup>
      <boxgroup>
        <type>1</type>
        <width>4</width>
        <varname>G03Q14_R8</varname>
        <sortorder>17</sortorder>
        <label>Treffen folgende Aussagen bei Ihnen zu? : Ich kann die passendste KI Anwendung f&#xFC;r eine bestimme Aufgabe ausw&#xE4;hlen, wenn mir mehr als eine Anwendung zur Verf&#xFC;gung steht</label>
        <groupsection idref="4"/>
        <box>
          <tlx>1659</tlx>
          <tly>2366</tly>
          <brx>1719</brx>
          <bry>2425</bry>
          <value>AO01</value>
          <label>Zutreffend</label>
        </box>
        <box>
          <tlx>1813</tlx>
          <tly>2366</tly>
          <brx>1872</brx>
          <bry>2425</bry>
          <value>AO02</value>
          <label>Nicht zutreffend</label>
        </box>
        <box>
          <tlx>1967</tlx>
          <tly>2366</tly>
          <brx>2026</brx>
          <bry>2425</bry>
          <value>AO03</value>
          <label>keine Antwort</label>
        </box>
      </boxgroup>
      <boxgroup>
        <type>1</type>
        <width>4</width>
        <varname>G03Q14_R9</varname>
        <sortorder>18</sortorder>
        <label>Treffen folgende Aussagen bei Ihnen zu? : Ich halte mich immer an ethische Grunds&#xE4;tze wenn ich KI Anwendungen oder Produkte verwende</label>
        <groupsection idref="4"/>
        <box>
          <tlx>1659</tlx>
          <tly>2490</tly>
          <brx>1719</brx>
          <bry>2549</bry>
          <value>AO01</value>
          <label>Zutreffend</label>
        </box>
        <box>
          <tlx>1813</tlx>
          <tly>2490</tly>
          <brx>1872</brx>
          <bry>2549</bry>
          <value>AO02</value>
          <label>Nicht zutreffend</label>
        </box>
        <box>
          <tlx>1967</tlx>
          <tly>2490</tly>
          <brx>2026</brx>
          <bry>2549</bry>
          <value>AO03</value>
          <label>keine Antwort</label>
        </box>
      </boxgroup>
      <boxgroup>
        <type>1</type>
        <width>4</width>
        <varname>G03Q14_R11</varname>
        <sortorder>19</sortorder>
        <label>Treffen folgende Aussagen bei Ihnen zu? : Ich habe keine Bedenken bei Datenschutz und Informationssicherheit, wenn ich KI Anwendungen oder Produkte benutze</label>
        <groupsection idref="4"/>
        <box>
          <tlx>1659</tlx>
          <tly>2614</tly>
          <brx>1719</brx>
          <bry>2673</bry>
          <value>AO01</value>
          <label>Zutreffend</label>
        </box>
        <box>
          <tlx>1813</tlx>
          <tly>2614</tly>
          <brx>1872</brx>
          <bry>2673</bry>
          <value>AO02</value>
          <label>Nicht zutreffend</label>
        </box>
        <box>
          <tlx>1967</tlx>
          <tly>2614</tly>
          <brx>2026</brx>
          <bry>2673</bry>
          <value>AO03</value>
          <label>keine Antwort</label>
        </box>
      </boxgroup>
      <boxgroup>
        <type>1</type>
        <width>4</width>
        <varname>G03Q14_R10</varname>
        <sortorder>20</sortorder>
        <label>Treffen folgende Aussagen bei Ihnen zu? : Ich bin immer auf der Hut vor dem Missbrauch von KI Technologie</label>
        <groupsection idref="4"/>
        <box>
          <tlx>1659</tlx>
          <tly>2738</tly>
          <brx>1719</brx>
          <bry>2797</bry>
          <value>AO01</value>
          <label>Zutreffend</label>
        </box>
        <box>
          <tlx>1813</tlx>
          <tly>2738</tly>
          <brx>1872</brx>
          <bry>2797</bry>
          <value>AO02</value>
          <label>Nicht zutreffend</label>
        </box>
        <box>
          <tlx>1967</tlx>
          <tly>2738</tly>
          <brx>2026</brx>
          <bry>2797</bry>
          <value>AO03</value>
          <label>keine Antwort</label>
        </box>
      </boxgroup>
      <boxgroup>
        <type>1</type>
        <width>1</width>
        <varname>Aufgabe_SQ001</varname>
        <sortorder>21</sortorder>
        <label>Welche Aufgabe erwartet Sie in dem Spiel, das Sie gleich spielen werden? : </label>
        <groupsection idref="5"/>
        <box>
          <tlx>1967</tlx>
          <tly>3203</tly>
          <brx>2026</brx>
          <bry>3262</bry>
          <value>Y</value>
          <label>Kugeln schnell anklicken</label>
        </box>
      </boxgroup>
    </page>
    <page>
      <id>79397903</id>
      <tlx>283</tlx>
      <tly>283</tly>
      <trx>2197</trx>
      <try>283</try>
      <brx>2197</brx>
      <bry>3224</bry>
      <blx>283</blx>
      <bly>3224</bly>
      <rotation>0</rotation>
      <boxgroup>
        <type>1</type>
        <width>1</width>
        <varname>Aufgabe_SQ002</varname>
        <sortorder>22</sortorder>
        <label>Welche Aufgabe erwartet Sie in dem Spiel, das Sie gleich spielen werden? : </label>
        <groupsection idref="5"/>
        <box>
          <tlx>1967</tlx>
          <tly>195</tly>
          <brx>2026</brx>
          <bry>254</bry>
          <value>Y</value>
          <label>Pfeile suchen</label>
        </box>
      </boxgroup>
      <boxgroup>
        <type>1</type>
        <width>1</width>
        <varname>Aufgabe_SQ003</varname>
        <sortorder>23</sortorder>
        <label>Welche Aufgabe erwartet Sie in dem Spiel, das Sie gleich spielen werden? : </label>
        <groupsection idref="5"/>
        <box>
          <tlx>1967</tlx>
          <tly>301</tly>
          <brx>2026</brx>
          <bry>360</bry>
          <value>Y</value>
          <label>Gegner abschie&#xDF;en</label>
        </box>
      </boxgroup>
      <boxgroup>
        <type>1</type>
        <width>1</width>
        <varname>Aufgabe_SQ004</varname>
        <sortorder>24</sortorder>
        <label>Welche Aufgabe erwartet Sie in dem Spiel, das Sie gleich spielen werden? : </label>
        <groupsection idref="5"/>
        <box>
          <tlx>1967</tlx>
          <tly>407</tly>
          <brx>2026</brx>
          <bry>467</bry>
          <value>Y</value>
          <label>KI besiegen</label>
        </box>
      </boxgroup>
      <boxgroup>
        <type>1</type>
        <width>1</width>
        <varname>Aufgabe_SQ005</varname>
        <sortorder>25</sortorder>
        <label>Welche Aufgabe erwartet Sie in dem Spiel, das Sie gleich spielen werden? : </label>
        <groupsection idref="5"/>
        <box>
          <tlx>1967</tlx>
          <tly>514</tly>
          <brx>2026</brx>
          <bry>573</bry>
          <value>Y</value>
          <label>Kugeln bewegen</label>
        </box>
      </boxgroup>
      <boxgroup>
        <type>1</type>
        <width>1</width>
        <varname>Aufgabe2_SQ001</varname>
        <sortorder>26</sortorder>
        <label>Wie werden Sie von der KI unterst&#xFC;tzt? : </label>
        <groupsection idref="5"/>
        <box>
          <tlx>1967</tlx>
          <tly>694</tly>
          <brx>2026</brx>
          <bry>753</bry>
          <value>Y</value>
          <label>Der Pfad wird personalisiert</label>
        </box>
      </boxgroup>
      <boxgroup>
        <type>1</type>
        <width>1</width>
        <varname>Aufgabe2_SQ002</varname>
        <sortorder>27</sortorder>
        <label>Wie werden Sie von der KI unterst&#xFC;tzt? : </label>
        <groupsection idref="5"/>
        <box>
          <tlx>1967</tlx>
          <tly>801</tly>
          <brx>2026</brx>
          <bry>860</bry>
          <value>Y</value>
          <label>Die Kugeln werden vergr&#xF6;&#xDF;ert</label>
        </box>
      </boxgroup>
      <boxgroup>
        <type>1</type>
        <width>1</width>
        <varname>Aufgabe2_SQ003</varname>
        <sortorder>28</sortorder>
        <label>Wie werden Sie von der KI unterst&#xFC;tzt? : </label>
        <groupsection idref="5"/>
        <box>
          <tlx>1967</tlx>
          <tly>907</tly>
          <brx>2026</brx>
          <bry>966</bry>
          <value>Y</value>
          <label>Die Kugeln werden bewegt</label>
        </box>
      </boxgroup>
      <boxgroup>
        <type>1</type>
        <width>1</width>
        <varname>Aufgabe2_SQ004</varname>
        <sortorder>29</sortorder>
        <label>Wie werden Sie von der KI unterst&#xFC;tzt? : </label>
        <groupsection idref="5"/>
        <box>
          <tlx>1967</tlx>
          <tly>1013</tly>
          <brx>2026</brx>
          <bry>1072</bry>
          <value>Y</value>
          <label>Der Pfad wird breiter</label>
        </box>
      </boxgroup>
      <boxgroup>
        <type>1</type>
        <width>1</width>
        <varname>Aufgabe3_SQ001</varname>
        <sortorder>30</sortorder>
        <label>Wann m&#xFC;ssen Sie dem angezeigten Pfad folgen? : </label>
        <groupsection idref="5"/>
        <box>
          <tlx>1967</tlx>
          <tly>1194</tly>
          <brx>2026</brx>
          <bry>1253</bry>
          <value>Y</value>
          <label>In den KI Runden</label>
        </box>
      </boxgroup>
      <boxgroup>
        <type>1</type>
        <width>1</width>
        <varname>Aufgabe3_SQ002</varname>
        <sortorder>31</sortorder>
        <label>Wann m&#xFC;ssen Sie dem angezeigten Pfad folgen? : </label>
        <groupsection idref="5"/>
        <box>
          <tlx>1967</tlx>
          <tly>1300</tly>
          <brx>2026</brx>
          <bry>1359</bry>
          <value>Y</value>
          <label>In den normalen Runden</label>
        </box>
      </boxgroup>
      <boxgroup>
        <type>1</type>
        <width>1</width>
        <varname>Aufgabe3_SQ003</varname>
        <sortorder>32</sortorder>
        <label>Wann m&#xFC;ssen Sie dem angezeigten Pfad folgen? : </label>
        <groupsection idref="5"/>
        <box>
          <tlx>1967</tlx>
          <tly>1406</tly>
          <brx>2026</brx>
          <bry>1466</bry>
          <value>Y</value>
          <label>In der Kalibrierungsrunde</label>
        </box>
      </boxgroup>
      <boxgroup>
        <type>1</type>
        <width>1</width>
        <varname>Aufgabe3_SQ004</varname>
        <sortorder>33</sortorder>
        <label>Wann m&#xFC;ssen Sie dem angezeigten Pfad folgen? : </label>
        <groupsection idref="5"/>
        <box>
          <tlx>1967</tlx>
          <tly>1513</tly>
          <brx>2026</brx>
          <bry>1572</bry>
          <value>Y</value>
          <label>Nie</label>
        </box>
      </boxgroup>
      <boxgroup>
        <type>1</type>
        <width>4</width>
        <varname>G07Q18_SQ001</varname>
        <sortorder>34</sortorder>
        <label>Wie sehr stimmen Sie folgenden Aussagen zu? : Wenn ich durch KI unterst&#xFC;tzt werde, steigert sich meine individuelle Leistung</label>
        <groupsection idref="7"/>
        <box>
          <tlx>1352</tlx>
          <tly>2246</tly>
          <brx>1411</brx>
          <bry>2305</bry>
          <value>AO01</value>
          <label>stimme stark zu</label>
        </box>
        <box>
          <tlx>1506</tlx>
          <tly>2246</tly>
          <brx>1565</brx>
          <bry>2305</bry>
          <value>AO02</value>
          <label>stimme zu</label>
        </box>
        <box>
          <tlx>1659</tlx>
          <tly>2246</tly>
          <brx>1719</brx>
          <bry>2305</bry>
          <value>AO03</value>
          <label>neutral</label>
        </box>
        <box>
          <tlx>1813</tlx>
          <tly>2246</tly>
          <brx>1872</brx>
          <bry>2305</bry>
          <value>AO04</value>
          <label>stimme nicht zu</label>
        </box>
        <box>
          <tlx>1967</tlx>
          <tly>2246</tly>
          <brx>2026</brx>
          <bry>2305</bry>
          <value>AO05</value>
          <label>stimme gar nicht zu</label>
        </box>
      </boxgroup>
      <boxgroup>
        <type>1</type>
        <width>4</width>
        <varname>G07Q18_SQ002</varname>
        <sortorder>35</sortorder>
        <label>Wie sehr stimmen Sie folgenden Aussagen zu? : In den KI unterst&#xFC;tzten Runden war ich schneller, als in den normalen Runden</label>
        <groupsection idref="7"/>
        <box>
          <tlx>1352</tlx>
          <tly>2370</tly>
          <brx>1411</brx>
          <bry>2429</bry>
          <value>AO01</value>
          <label>stimme stark zu</label>
        </box>
        <box>
          <tlx>1506</tlx>
          <tly>2370</tly>
          <brx>1565</brx>
          <bry>2429</bry>
          <value>AO02</value>
          <label>stimme zu</label>
        </box>
        <box>
          <tlx>1659</tlx>
          <tly>2370</tly>
          <brx>1719</brx>
          <bry>2429</bry>
          <value>AO03</value>
          <label>neutral</label>
        </box>
        <box>
          <tlx>1813</tlx>
          <tly>2370</tly>
          <brx>1872</brx>
          <bry>2429</bry>
          <value>AO04</value>
          <label>stimme nicht zu</label>
        </box>
        <box>
          <tlx>1967</tlx>
          <tly>2370</tly>
          <brx>2026</brx>
          <bry>2429</bry>
          <value>AO05</value>
          <label>stimme gar nicht zu</label>
        </box>
      </boxgroup>
      <boxgroup>
        <type>1</type>
        <width>4</width>
        <varname>G07Q18_SQ005</varname>
        <sortorder>36</sortorder>
        <label>Wie sehr stimmen Sie folgenden Aussagen zu? : Ich empfand den angezeigten Pfad als hilfreich</label>
        <groupsection idref="7"/>
        <box>
          <tlx>1352</tlx>
          <tly>2494</tly>
          <brx>1411</brx>
          <bry>2553</bry>
          <value>AO01</value>
          <label>stimme stark zu</label>
        </box>
        <box>
          <tlx>1506</tlx>
          <tly>2494</tly>
          <brx>1565</brx>
          <bry>2553</bry>
          <value>AO02</value>
          <label>stimme zu</label>
        </box>
        <box>
          <tlx>1659</tlx>
          <tly>2494</tly>
          <brx>1719</brx>
          <bry>2553</bry>
          <value>AO03</value>
          <label>neutral</label>
        </box>
        <box>
          <tlx>1813</tlx>
          <tly>2494</tly>
          <brx>1872</brx>
          <bry>2553</bry>
          <value>AO04</value>
          <label>stimme nicht zu</label>
        </box>
        <box>
          <tlx>1967</tlx>
          <tly>2494</tly>
          <brx>2026</brx>
          <bry>2553</bry>
          <value>AO05</value>
          <label>stimme gar nicht zu</label>
        </box>
      </boxgroup>
      <boxgroup>
        <type>1</type>
        <width>4</width>
        <varname>G07Q18_SQ003</varname>
        <sortorder>37</sortorder>
        <label>Wie sehr stimmen Sie folgenden Aussagen zu? : Ich hatte Probleme beim Antippen der Kugeln</label>
        <groupsection idref="7"/>
        <box>
          <tlx>1352</tlx>
          <tly>2618</tly>
          <brx>1411</brx>
          <bry>2677</bry>
          <value>AO01</value>
          <label>stimme stark zu</label>
        </box>
        <box>
          <tlx>1506</tlx>
          <tly>2618</tly>
          <brx>1565</brx>
          <bry>2677</bry>
          <value>AO02</value>
          <label>stimme zu</label>
        </box>
        <box>
          <tlx>1659</tlx>
          <tly>2618</tly>
          <brx>1719</brx>
          <bry>2677</bry>
          <value>AO03</value>
          <label>neutral</label>
        </box>
        <box>
          <tlx>1813</tlx>
          <tly>2618</tly>
          <brx>1872</brx>
          <bry>2677</bry>
          <value>AO04</value>
          <label>stimme nicht zu</label>
        </box>
        <box>
          <tlx>1967</tlx>
          <tly>2618</tly>
          <brx>2026</brx>
          <bry>2677</bry>
          <value>AO05</value>
          <label>stimme gar nicht zu</label>
        </box>
      </boxgroup>
      <boxgroup>
        <type>1</type>
        <width>4</width>
        <varname>G07Q18_SQ004</varname>
        <sortorder>38</sortorder>
        <label>Wie sehr stimmen Sie folgenden Aussagen zu? : Ich w&#xFC;rde in zukunft KI als Unterst&#xFC;tzung benutzen, um somit meine Leistung zu steigern</label>
        <groupsection idref="7"/>
        <box>
          <tlx>1352</tlx>
          <tly>2742</tly>
          <brx>1411</brx>
          <bry>2801</bry>
          <value>AO01</value>
          <label>stimme stark zu</label>
        </box>
        <box>
          <tlx>1506</tlx>
          <tly>2742</tly>
          <brx>1565</brx>
          <bry>2801</bry>
          <value>AO02</value>
          <label>stimme zu</label>
        </box>
        <box>
          <tlx>1659</tlx>
          <tly>2742</tly>
          <brx>1719</brx>
          <bry>2801</bry>
          <value>AO03</value>
          <label>neutral</label>
        </box>
        <box>
          <tlx>1813</tlx>
          <tly>2742</tly>
          <brx>1872</brx>
          <bry>2801</bry>
          <value>AO04</value>
          <label>stimme nicht zu</label>
        </box>
        <box>
          <tlx>1967</tlx>
          <tly>2742</tly>
          <brx>2026</brx>
          <bry>2801</bry>
          <value>AO05</value>
          <label>stimme gar nicht zu</label>
        </box>
      </boxgroup>
    </page>
  </questionnaire>
</queXF>
